{"cameraMode":{"drawMode":0,"name":"Shaded","section":"Shading Mode"},"sceneLighting":true,"audioPlay":false,"sceneViewState":{"showFog":true,"showMaterialUpdate":false,"showSkybox":true,"showFlares":true,"showImageEffects":true,"showParticleSystems":true},"in2DMode":false,"pivot":{"x":3.0057220458984377,"y":17.400957107543947,"z":6.914712905883789},"rotation":{"x":-0.12153162807226181,"y":0.1908269077539444,"z":0.024014605209231378,"w":0.9738709926605225},"size":10.844560623168946,"orthographic":false}