{"cameraMode":{"drawMode":0,"name":"Shaded","section":"Shading Mode"},"sceneLighting":true,"audioPlay":false,"sceneViewState":{"showFog":true,"showMaterialUpdate":false,"showSkybox":true,"showFlares":true,"showImageEffects":true,"showParticleSystems":true},"in2DMode":false,"pivot":{"x":3.3238959312438967,"y":8.121274948120118,"z":-14.54474925994873},"rotation":{"x":-0.026649346575140954,"y":-0.05395989120006561,"z":-0.001432896126061678,"w":0.9982315897941589},"size":2.195963144302368,"orthographic":false}